"cell","cell_barcode","frac_mRNA_from_flu","IFN_frac","IFN_state","coinfection_state","mutations"
"cell 1","CAAGAAATCGTGACAT",0.651126712941785,0.00011401858502936,"IFN-","no dual-barcode coinfection",""
"cell 2","TGTGTTTTCAACGGGA",0.623427944174377,4.1642375281086e-05,"IFN-","dual-barcode coinfection","fluPA-WT /   fluPA-del207to1867_(8874/8951); fluHA-WT / fluHA-A1338G_fluHA-Thr436Ala_(24/46)"
"cell 3","TTCTACAAGCCCAATT",0.609588262056415,7.28332119446468e-05,"IFN-","dual-barcode coinfection","fluPB1-del427to1876_(1083/1089) / fluPB1-WT"
"cell 4","CCTACACCAGATAATG",0.590159805851916,0.00217864923747277,"IFN+","no dual-barcode coinfection","fluNA-missing; fluM-missing"
"cell 5","TTTATGCGTACAGTGG",0.584707593006348,0.000170794192997438,"IFN-","no dual-barcode coinfection",""
"cell 6","TTATGCTAGCTACCTA",0.565716559152008,0.000588928150765607,"IFN+","dual-barcode coinfection","fluPB2-WT / fluPB2-T1143G_(16/48); fluPB1-del385to2163_(3353/3378) / fluPB1-WT; fluNA-WT / fluNA-A836G_fluNA-Met273Val_(15/27)"
"cell 7","GACCAATGTGGACGAT",0.565351293785799,0.000132441560161579,"IFN-","no dual-barcode coinfection","fluPB1-G1467A_(14/33); fluHA-A1375G_fluHA-Glu448Gly_(13/40); fluNA-A379C_fluNA-Gln120His_(27/46)"
"cell 8","CGACTTCAGAGGTACC",0.562088815789474,6.70690811535882e-05,"IFN-","dual-barcode coinfection","fluPB2-WT / fluPB2-G180A_fluPB2-Met51Ile_(14/28) fluPB2-A1597G_fluPB2-Thr524Ala_(11/28) fluPB2-G1273A_fluPB2-Gly416Ser_(11/28); fluPA-G607A_fluPA-Glu195Lys_(14/29)   / fluPA-A1520G_fluPA-Asn499Ser_(22/30); fluHA-G1515A_fluHA-Val495Ile_(16/29) fluHA-C974T_(15/29)   / fluHA-WT"
"cell 9","CATTATCTCGTCTGAA",0.560573706313617,0.00016198266785454,"IFN-","no dual-barcode coinfection",""
"cell 10","TAGTTGGAGGACATTA",0.550004165856639,0.000555452693945566,"IFN+","no dual-barcode coinfection","fluPB1-A2053G_fluPB1-Thr677Ala_(20/20); fluHA-missing"
"cell 11","GCGACCATCCGCAGTG",0.545190943303103,3.39120998372219e-05,"IFN-","dual-barcode coinfection","fluPA-A1995G_(35/56)   / fluPA-WT; fluNS-G563A_fluNS2-Gly22Glu_(78/116)   / fluNS-WT"
"cell 12","GTTCATTCAAGGGTCA",0.543917884973044,5.16182315593868e-05,"IFN-","no dual-barcode coinfection","fluPA-A1591T_fluPA-Met523Leu_(78/239)"
"cell 13","ATCTACTAGGCTATCT",0.53682635772188,0.00390595658379028,"IFN+","no dual-barcode coinfection","fluPB1-A825G_(59/60); fluHA-del727to729_(58/59); fluNA-missing; fluM-missing"
"cell 14","GCGCGATAGTGTACTC",0.529110640911883,0.0359955549113398,"IFN+","no dual-barcode coinfection","fluNP-T1023C_(448/461); fluNA-T187C_(15/16); fluNS-missing"
"cell 15","GCACTCTGTAGCGTAG",0.511947657879765,9.7143967359627e-05,"IFN-","dual-barcode coinfection","fluPB2-G1093A_fluPB2-Val356Met_(13/13)   / fluPB2-WT; fluHA-A1240G_fluHA-Asn403Ser_(4/4)   / fluHA-WT"
"cell 16","GGAACTTTCCTTGGTC",0.499214547531775,9.50570342205323e-05,"IFN-","dual-barcode coinfection","fluPA-G2142T_fluPA-Trp706Cys_(21/21)   / fluPA-WT"
"cell 17","CGTCAGGTCGTTACAG",0.497613790155994,4.72612127227185e-05,"IFN-","dual-barcode coinfection","fluPB1-A1327G_fluPB1-Thr435Ala_(30/30)   / fluPB1-WT; fluHA-C384T_(45/46); fluNP-WT / fluNP-C1106A_fluNP-Pro354Gln_(41/42)"
"cell 18","CAGATCAAGCTAAACA",0.486213085332028,5.29268550862708e-05,"IFN-","dual-barcode coinfection","fluPA-WT / fluPA-A1007T_fluPA-Lys328Met_(9/17); fluHA-missing; fluNA-WT /   fluNA-del644to787_(51/51)"
"cell 19","GCTTCCACACCTCGGA",0.483785515915403,0.00016553550736633,"IFN-","no dual-barcode coinfection","fluNA-missing"
"cell 20","TCGGGACTCCTCAATT",0.473621954104566,8.98876404494382e-05,"IFN-","dual-barcode coinfection","fluPB1-WT /   fluPB1-del574to1688_(456/495); fluPA-A80T_fluPA-Lys19Met_(11/11)   / fluPA-WT"
"cell 21","AAGACCTTCTACTATC",0.473029299987741,5.81598231941375e-05,"IFN-","dual-barcode coinfection","fluNA-WT / fluNA-G1050A_fluNA-Gly344Glu_(10/12)"
"cell 22","CACCACTGTGGTGTAG",0.46406956255267,7.14745193338575e-05,"IFN-","no dual-barcode coinfection",""
"cell 23","GCATGTATCCAGAGGA",0.462181496664255,9.96363274049718e-05,"IFN-","no dual-barcode coinfection",""
"cell 24","CAGAATCCACTAAGTC",0.459622228305502,0.000101317122593718,"IFN-","dual-barcode coinfection","fluPB1-WT / fluPB1-A1681G_fluPB1-Lys553Glu_(55/83); fluPA-WT / fluPA-C832A_fluPA-Leu270Ile_(33/84); fluNP-T486C_(25/27)   / fluNP-WT"
"cell 25","TTGTAGGCATGCATGT",0.456027886916192,5.43065059194091e-05,"IFN-","no dual-barcode coinfection",""
"cell 26","ATCATCTAGGGCACTA",0.450936843805524,7.35456350665588e-05,"IFN-","dual-barcode coinfection",""
"cell 27","CCCAATCCACGCGAAA",0.440579949605519,0.00465184966403308,"IFN+","dual-barcode coinfection","fluNA-T89G_fluNA-Leu24Val_(14/15)"
"cell 28","CGACCTTAGAGCTGGT",0.436262803686672,3.50091023666153e-05,"IFN-","no dual-barcode coinfection",""
"cell 29","TCCCGATCAAAGGCGT",0.435367716592711,0.00122391136305076,"IFN+","no dual-barcode coinfection","fluPB1-G103A_fluPB1-Asp27Asn_(11/33)"
"cell 30","TTTGGTTCAAATACAG",0.431333886038226,0.00208834075416683,"IFN+","dual-barcode coinfection","fluNP-WT / fluNP-T850C_fluNP-Ser269Pro_(30/43)"
"cell 31","CTTAACTCAAGCGATG",0.428157474020783,5.82445104548896e-05,"IFN-","no dual-barcode coinfection","fluPA-T303C_(26/75)"
"cell 32","ACGAGCCGTAAACGCG",0.426783227825388,2.50425723730342e-05,"IFN-","no dual-barcode coinfection","fluPA-G81A_(25/57); fluM-G392A_fluM1-Ala123Thr_(118/123)"
"cell 33","GACAGAGCAATGTTGC",0.402654529347976,2.55689082076195e-05,"IFN-","dual-barcode coinfection","fluPB1-C1549T_fluPB1-Leu509Phe_(2/6)   / fluPB1-WT"
"cell 34","ACGGGTCCATACCATG",0.401887184356547,9.92211142531131e-05,"IFN-","dual-barcode coinfection",""
"cell 35","AACTCTTGTCTAAACC",0.399950236377208,8.29324929507381e-05,"IFN-","dual-barcode coinfection","fluNP-WT / fluNP-A260G_fluNP-Asp72Gly_(16/17)"
"cell 36","ATTCTACTCAGCTGGC",0.396816410802891,5.5208965936068e-05,"IFN-","dual-barcode coinfection",""
"cell 37","TTATGCTTCTGTACGA",0.393948466862749,0.00110429804423004,"IFN+","no dual-barcode coinfection",""
"cell 38","TGATTTCCATGCGCAC",0.393278198134788,0.00159512761020882,"IFN+","no dual-barcode coinfection",""
"cell 39","CACACAATCTGCTGTC",0.391443732036259,9.08265213442325e-05,"IFN-","dual-barcode coinfection","fluNP-G1423A_fluNP-Gly460Arg_(40/41)"
"cell 40","GCTGGGTGTGCAGGTA",0.39063733784546,9.25583117363939e-05,"IFN-","no dual-barcode coinfection",""
"cell 41","TCAGGTATCCGTCAAA",0.389338439681265,0.0033380538134736,"IFN+","dual-barcode coinfection","fluNA-missing"
"cell 42","ACCTTTACAGCTGCTG",0.386255924170616,0.000133138064172547,"IFN-","no dual-barcode coinfection","fluNA-A1223G_fluNA-Met402Val_(15/25)"
"cell 43","AGAGCTTGTGTGCGTC",0.382389675270608,0.0210987529491068,"IFN+","no dual-barcode coinfection","fluNA-missing; fluNS-missing"
"cell 44","CACCAGGCACGGCGTT",0.379604781654062,6.55393891728929e-05,"IFN-","no dual-barcode coinfection",""
"cell 45","ATGTGTGAGATCACGG",0.368275974555537,2.58191113061888e-05,"IFN-","dual-barcode coinfection",""
"cell 46","AGTGTCATCACATACG",0.368018761400156,4.58127176104087e-05,"IFN-","no dual-barcode coinfection",""
"cell 47","CGGGTCAGTAAATGAC",0.36463619348988,3.03683683075708e-05,"IFN-","dual-barcode coinfection","fluPB2-del631to1645_(29/39) / fluPB2-G859T_fluPB2-Ala278Ser_(14/28)"
"cell 48","AGGGTGACACTAGTAC",0.363041767308058,4.26075841499787e-05,"IFN-","dual-barcode coinfection","fluNP-WT / fluNP-A285G_(16/18)"
"cell 49","CATCCACGTCGAAAGC",0.361489621489621,0.0165602172333346,"IFN+","no dual-barcode coinfection","fluNS-missing"
"cell 50","TTAACTCGTTCTGGTA",0.354119962819181,2.11640211640212e-05,"IFN-","dual-barcode coinfection",""
"cell 51","GTCACGGCAGCCTTTC",0.353772522522523,0.000174261566611484,"IFN-","no dual-barcode coinfection","fluHA-missing"
"cell 52","GACCTGGTCGTGACAT",0.349943111294994,0.00011933648912049,"IFN-","dual-barcode coinfection","fluPA-WT / fluPA-A1470G_(6/7)"
"cell 53","AAGGAGCGTGTCGCTG",0.346438809261301,0.00141705185735011,"IFN+","no dual-barcode coinfection",""
"cell 54","TGGTTAGAGTAGGCCA",0.345933673099684,3.69289855607666e-05,"IFN-","no dual-barcode coinfection",""
"cell 55","CGTTGGGTCGGAAATA",0.345707208801107,4.91642084562439e-05,"IFN-","no dual-barcode coinfection",""
"cell 56","TAGTTGGCAAATTGCC",0.343955399061033,4.47267197423741e-05,"IFN-","dual-barcode coinfection",""
"cell 57","GCATGATCACATCTTT",0.342135250893945,0.000119460040616414,"IFN-","no dual-barcode coinfection",""
"cell 58","GGAACTTGTCTGGAGA",0.341648642153329,3.6504344016938e-05,"IFN-","no dual-barcode coinfection",""
"cell 59","GTGCTTCAGAACAATC",0.340982584641758,5.91191250369495e-05,"IFN-","no dual-barcode coinfection",""
"cell 60","GCTGCTTCACTTAAGC",0.336368796426544,3.71871629913354e-05,"IFN-","dual-barcode coinfection",""
"cell 61","CATCCACCACGCCAGT",0.334204045077991,2.80237641520009e-05,"IFN-","dual-barcode coinfection",""
"cell 62","CGCGTTTGTTCCACTC",0.333448366862224,3.04553068372164e-05,"IFN-","dual-barcode coinfection","fluPB1-WT / fluPB1-T642G_(11/26); fluPA-T1251C_(17/17)   / fluPA-WT"
"cell 63","GTCATTTCATGGTAGG",0.333177933177933,0.000699137730132836,"IFN+","dual-barcode coinfection",""
"cell 64","CACATAGGTAAGCACG",0.331592794980773,6.05583479682674e-05,"IFN-","no dual-barcode coinfection","fluPB1-T1333C_fluPB1-Trp437Arg_(10/10); fluNA-G851A_fluNA-Asp278Asn_(13/13)"
"cell 65","GTCGTAATCGGCTTGG",0.31820742637644,7.51201923076923e-05,"IFN-","dual-barcode coinfection",""
"cell 66","CAGGTGCGTCTACCTC",0.315292044004133,8.87665882561804e-05,"IFN-","no dual-barcode coinfection",""
"cell 67","GTGCTTCTCGACGGAA",0.314552144482207,4.09768890345845e-05,"IFN-","no dual-barcode coinfection","fluNA-G1014A_fluNA-Gly332Glu_(26/27); fluNS-missing"
"cell 68","CTCGTACCAGCCTTTC",0.312460803704954,2.33885302647582e-05,"IFN-","no dual-barcode coinfection","fluM-missing"
"cell 69","TCGCGAGCAAGAAAGG",0.3116918531985,3.30152860774539e-05,"IFN-","no dual-barcode coinfection","fluM-missing"
"cell 70","CTACATTAGCTTTGGT",0.310335570469799,0.00568314519268198,"IFN+","no dual-barcode coinfection","fluM-missing; fluNS-missing"
"cell 71","CGGGTCAAGTAAGTAC",0.302869817128372,0.000129861697292384,"IFN-","dual-barcode coinfection","fluPB2-WT / fluPB2-G1307A_fluPB2-Arg427Gln_(4/12); fluNA-T790C_(9/20)"
"cell 72","TGCTGCTTCAGGCAAG",0.302396380292705,0.0210193377907675,"IFN+","no dual-barcode coinfection","fluPB1-G1736A_fluPB1-Arg571Gln_(154/161); fluM-missing; fluNS-missing"
"cell 73","GATCAGTAGGACCACA",0.301277886073208,6.19962802231866e-05,"IFN-","no dual-barcode coinfection",""
"cell 74","GGACAAGAGTCAAGCG",0.300593276203032,0.0126453031731071,"IFN+","no dual-barcode coinfection","fluNA-C886T_(6/6); fluNS-missing"
"cell 75","CATGCCTGTCATCGGC",0.298550538737814,0.00128005851696078,"IFN+","no dual-barcode coinfection","fluM-missing"
"cell 76","CTGCCTATCTACGAGT",0.297070572569907,3.78859632506156e-05,"IFN-","no dual-barcode coinfection","fluM-missing"
"cell 77","TATGCCCTCGAATCCA",0.295090506576377,3.69480879364493e-05,"IFN-","dual-barcode coinfection","fluPB2-WT / fluPB2-G835A_fluPB2-Ala270Thr_(15/25); fluM-T508C_(26/29)   / fluM-WT"
"cell 78","GTGCTTCTCGAATGCT",0.290367713004484,5.05535614984076e-05,"IFN-","no dual-barcode coinfection",""
"cell 79","AGCCTAACAAGACACG",0.283258695578976,2.34890658398516e-05,"IFN-","dual-barcode coinfection","fluHA-T617C_(14/14)   / fluHA-WT"
"cell 80","ATTCTACCAAGTTCTG",0.278982808232184,2.02580880416506e-05,"IFN-","dual-barcode coinfection","fluNP-G1386A_(89/92)"
"cell 81","CACATTTCATGATCCA",0.277246594175728,2.1616013142536e-05,"IFN-","no dual-barcode coinfection",""
"cell 82","CCACCTAGTCTGCCAG",0.272994625291553,4.64964895150416e-05,"IFN-","dual-barcode coinfection",""
"cell 83","TGCGGGTCATCGGACC",0.272056692747438,3.61899247249566e-05,"IFN-","no dual-barcode coinfection","fluPA-A1768G_fluPA-Arg582Gly_(2/5)"
"cell 84","CGCTATCAGGGAGTAA",0.270778704471249,2.31991648300661e-05,"IFN-","no dual-barcode coinfection","fluPB1-C1911T_(8/8)"
"cell 85","TGCCCATGTCTTCAAG",0.260421869596957,0.000155852252065042,"IFN-","no dual-barcode coinfection","fluHA-missing; fluNS-missing"
"cell 86","TCTGGAAAGACCTTTG",0.258810297425644,0.00148372955656719,"IFN+","dual-barcode coinfection","fluPB2-WT / fluPB2-T1731A_(66/71); fluPB1-WT / fluPB1-G640A_fluPB1-Gly206Ser_(21/23)"
"cell 87","TATCAGGTCACCGGGT",0.257298801369863,2.88192743306724e-05,"IFN-","no dual-barcode coinfection","fluHA-missing"
"cell 88","ACGGGTCTCTCTTATG",0.255773311696417,3.35457900033546e-05,"IFN-","no dual-barcode coinfection","fluPB2-T1720C_fluPB2-Ser565Pro_(10/27)"
"cell 89","CCCATACAGATCCCGC",0.254036490877281,0.00817529987267976,"IFN+","no dual-barcode coinfection","fluNA-T720A_fluNA-Leu234Gln_(11/11); fluNS-missing"
"cell 90","TGTATTCTCTTGCAAG",0.253179351607068,3.72619890449752e-05,"IFN-","no dual-barcode coinfection",""
"cell 91","GCTGCTTTCAGTTCGA",0.251777799036959,2.13096937797004e-05,"IFN-","no dual-barcode coinfection","fluPB2-A233G_fluPB2-Glu69Gly_(55/104); fluHA-G611A_fluHA-Trp193Ter_(7/17)"
"cell 92","CAAGATCAGCGCCTTG",0.249263843336286,0.00175388245798654,"IFN+","no dual-barcode coinfection","fluPA-G1915A_fluPA-Gly631Ser_(3/10); fluHA-T1304C_(13/30); fluNP-G1054A_fluNP-Ala337Thr_(22/26)"
"cell 93","CCAATCCTCCCGACTT",0.242073004217617,4.00336282477281e-05,"IFN-","no dual-barcode coinfection","fluNA-A1223G_fluNA-Met402Val_(24/24); fluM-missing"
"cell 94","GTCCTCAAGTGTTTGC",0.241687422166874,0.00168329433017202,"IFN+","no dual-barcode coinfection","fluNA-A480G_fluNA-Tyr154Cys_(34/35)"
"cell 95","ACTGAGTAGTCAAGCG",0.240079985002812,8.22300797631774e-05,"IFN-","dual-barcode coinfection","fluPB2-A109G_fluPB2-Met28Val_(13/13)  fluPB2-del1713to2116_(13/13) / fluPB2-WT; fluPB1-T2134C_fluPB1-Ser704Pro_(4/4)   / fluPB1-G564A_(8/10)"
"cell 96","GGAACTTAGTCGAGTG",0.237216647343381,2.62061374773972e-05,"IFN-","no dual-barcode coinfection","fluHA-missing"
"cell 97","TTCGAAGTCTTATCTG",0.23492426407545,0.000124517494708006,"IFN-","no dual-barcode coinfection","fluPA-G1140T_fluPA-Glu372Asp_(72/73); fluNA-missing; fluNS-del603to659_(32/35)"
"cell 98","ACGGCCAGTTACAGAA",0.231509191962377,0.000185442744552619,"IFN-","no dual-barcode coinfection","fluPB2-G1593A_(4/6) fluPB2-T2097C_(4/6); fluNS-T715C_fluNS1-Val230Ala_fluNS2-Phe73Leu_(5/14) fluNS-T716C_fluNS2-Phe73Ser_(5/14) fluNS-T725C_fluNS2-Ile76Thr_(5/14) fluNS-T738C_(5/14) fluNS-T758C_fluNS2-Leu87Pro_(5/14) fluNS-T764C_fluNS2-Ile89Thr_(5/14) fluNS-T777C_(5/14) fluNS-T778C_fluNS2-Phe94Leu_(5/14) fluNS-T795C_(5/14) fluNS-T805C_(5/14) fluNS-T812C_fluNS2-Leu105Pro_(5/14) fluNS-T814C_(5/14) fluNS-T818C_fluNS2-Leu107Pro_(5/14) fluNS-T836C_fluNS2-Ile113Thr_(5/14) fluNS-T843C_(5/14) fluNS-T844C_fluNS2-Phe116Leu_(5/14)"
"cell 99","ATTATCCGTAAGGATT",0.223849067599068,2.34631628343501e-05,"IFN-","no dual-barcode coinfection",""
"cell 100","CCTACACCATATGGTC",0.222830086060722,4.11658159064713e-05,"IFN-","no dual-barcode coinfection","fluPB1-C2203A_(16/28); fluPA-A1615G_fluPA-Arg531Gly_(53/100); fluNP-T1023C_(55/57)"
"cell 101","ACGGAGAAGATGTGTA",0.222294015418208,2.86491906603638e-05,"IFN-","no dual-barcode coinfection","fluNP-C431T_fluNP-Ala129Val_(29/31); fluNA-A1091G_fluNA-Ile358Val_(9/10)"
"cell 102","AGTTGGTAGTTACGGG",0.205640731718966,3.00634338454138e-05,"IFN-","dual-barcode coinfection",""
"cell 103","TCGTAGAAGTCACGCC",0.204462445304307,4.54566116641666e-05,"IFN-","no dual-barcode coinfection",""
"cell 104","ACCCACTCAGATCCAT",0.203100068383861,0.00017162471395881,"IFN-","dual-barcode coinfection","fluPB2-A1019G_fluPB2-Lys331Arg_(10/10)   / fluPB2-WT; fluHA-G400A_fluHA-Ser123Asn_(4/4)   / fluHA-G1415A_(6/6)"
"cell 105","CTCCTAGTCTTAACCT",0.192210811858167,2.66517416913195e-05,"IFN-","no dual-barcode coinfection","fluHA-missing"
"cell 106","ACTTTCAGTAGAGGAA",0.190114360273237,4.73843821076573e-05,"IFN-","no dual-barcode coinfection","fluM-missing"
"cell 107","TTGACTTGTCCGCTGA",0.180856592583535,0.00250046650494495,"IFN+","no dual-barcode coinfection",""
"cell 108","ATCCACCGTTCACCTC",0.178017801780178,4.05564342782983e-05,"IFN-","dual-barcode coinfection","fluNP-T1023C_(14/40)"
"cell 109","CACATTTCAGTTCCCT",0.176773168283707,0.00015240030480061,"IFN-","no dual-barcode coinfection","fluNS-missing"
"cell 110","GGACAAGCAAGCGAGT",0.174878283202294,1.90956309196456e-05,"IFN-","no dual-barcode coinfection",""
"cell 111","GACGTTACAGGTGGAT",0.174247422291757,0.00120985230670897,"IFN+","no dual-barcode coinfection",""
"cell 112","TGCCCTACAGGATCGA",0.173347155033402,3.48334958896475e-05,"IFN-","no dual-barcode coinfection","fluNP-C1358A_fluNP-Ser438Tyr_(76/76); fluNS-missing"
"cell 113","GGATGTTAGTCTCGGC",0.173338764110322,0.009467164074048,"IFN+","no dual-barcode coinfection","fluHA-G1378A_fluHA-Arg449Lys_(2/3)"
"cell 114","CTAACTTAGTAACCCT",0.172581468995812,0.0113092004543434,"IFN+","no dual-barcode coinfection",""
"cell 115","ACTGCTCCAGAAGCAC",0.168797203170452,3.21068516021319e-05,"IFN-","no dual-barcode coinfection",""
"cell 116","AACTGGTAGATGGCGT",0.164736815492744,0.00593256250378352,"IFN+","dual-barcode coinfection","fluPB2-A1948T_fluPB2-Arg641Trp_(8/8) fluPB2-A2211G_(8/8)   / fluPB2-WT; fluNS-missing"
"cell 117","GACTAACTCATTGCGA",0.162706002034588,2.42995650377858e-05,"IFN-","no dual-barcode coinfection","fluPB2-missing"
"cell 118","GTTCGGGTCAGGCGAA",0.161860488876402,0.00079234473090754,"IFN+","dual-barcode coinfection",""
"cell 119","GCATGCGGTAGCGCAA",0.160336030510746,6.13798183157378e-05,"IFN-","no dual-barcode coinfection","fluPB1-del1193to1193_(17/24); fluM-G255A_fluM1-Arg77Lys_(4/12)"
"cell 120","TACTCATCAGCTTAAC",0.156804733727811,0.00424448217317487,"IFN+","no dual-barcode coinfection","fluPB2-A2127G_(7/13); fluNS-A638G_fluNS2-Glu47Gly_(8/13)"
"cell 121","CTAAGACCAATAGCGG",0.154802790933083,4.27734291458146e-05,"IFN-","no dual-barcode coinfection",""
"cell 122","GGACGTCAGTGGTAAT",0.154329042496914,6.25547353934693e-05,"IFN-","dual-barcode coinfection",""
"cell 123","CCTATTATCGTATCAG",0.152469843525441,1.90530627798419e-05,"IFN-","no dual-barcode coinfection",""
"cell 124","GCTCTGTCAATGTAAG",0.152439024390244,4.28228845495033e-05,"IFN-","no dual-barcode coinfection",""
"cell 125","TCTCATAAGGGCTCTC",0.150601277715145,5.53036168565424e-05,"IFN-","no dual-barcode coinfection","fluPA-missing"
"cell 126","ACGCCAGTCGTTTGCC",0.144992888054959,3.53957241965171e-05,"IFN-","no dual-barcode coinfection","fluPA-A118C_fluPA-Thr32Pro_(38/38); fluM-missing"
"cell 127","ACGGGCTTCTCGCTTG",0.138377521359993,2.55571457779595e-05,"IFN-","no dual-barcode coinfection","fluPB2-C604T_fluPB2-Leu193Phe_(4/11); fluPA-T1665C_(4/13)"
"cell 128","AACACGTGTCTAGTGT",0.136892091043065,0.00279833048757352,"IFN+","no dual-barcode coinfection","fluPB1-A860G_fluPB1-Lys279Arg_(8/8)"
"cell 129","AAAGTAGTCGTGGACC",0.128070337806571,2.12287182099945e-05,"IFN-","dual-barcode coinfection","fluNP-G339A_(20/23)   / fluNP-WT; fluNA-WT / fluNA-T1130C_fluNA-Phe371Leu_(2/6)"
"cell 130","AAGGAGCAGCCCAGCT",0.126740456131693,2.01828566815347e-05,"IFN-","no dual-barcode coinfection",""
"cell 131","GCTGCTTAGTGTCCAT",0.123891926323053,0.000121175401393517,"IFN-","no dual-barcode coinfection","fluPA-missing"
"cell 132","AGCTCCTCAGGTGGAT",0.123393195813529,2.67101151205962e-05,"IFN-","no dual-barcode coinfection","fluHA-G1693A_fluHA-Cys554Tyr_(21/22)"
"cell 133","CTGTTTATCTCGAGTA",0.120095594347465,4.72355400203113e-05,"IFN-","no dual-barcode coinfection","fluNS-A553T_fluNS1-Asn176Ile_fluNS2-Met19Leu_(12/33)"
"cell 134","TCGCGAGCAAGCGTAG",0.118467678764594,4.23137138746668e-05,"IFN-","no dual-barcode coinfection","fluHA-missing"
"cell 135","CCTCTGAGTCAACTGT",0.113976600830293,0.000141984949595343,"IFN-","no dual-barcode coinfection","fluPA-C1618T_fluPA-Leu532Phe_(3/3); fluM-missing"
"cell 136","ACACTGACATCGATGT",0.109736417428725,0.0244712990936556,"IFN+","no dual-barcode coinfection","fluPB1-missing; fluNP-A838G_fluNP-Ile265Val_(13/30); fluNS-missing"
"cell 137","AGGCCACTCACAAACC",0.108647450110865,4.52284034373587e-05,"IFN-","no dual-barcode coinfection","fluNA-missing"
"cell 138","TATCTCATCCGAACGC",0.108218259820351,0.0014732854265011,"IFN+","no dual-barcode coinfection","fluPA-A1992C_fluPA-Glu656Asp_(24/43)"
"cell 139","TGATTTCAGCTGAACG",0.106906124298907,6.34356762243086e-05,"IFN-","no dual-barcode coinfection","fluPB1-missing; fluHA-missing; fluM-missing"
"cell 140","CCTTACGGTCGGCATC",0.105635520858746,0.000545553737043099,"IFN+","no dual-barcode coinfection",""
"cell 141","ACAGCCGTCGCTTGTC",0.105154681671098,2.30324527258908e-05,"IFN-","dual-barcode coinfection","fluHA-WT / fluHA-G1169T_(2/3); fluNP-G908A_fluNP-Gly288Glu_(15/15)   / fluNP-WT"
"cell 142","GCAAACTTCTAGCACA",0.102292806505865,2.37146651489281e-05,"IFN-","no dual-barcode coinfection","fluPA-del611to1543_(36/47)"
"cell 143","TCGTACCCAGTTCCCT",0.0977060638732944,4.12048292059829e-05,"IFN-","no dual-barcode coinfection",""
"cell 144","AATCGGTCACGAAATA",0.0926307829793084,3.78802227357097e-05,"IFN-","no dual-barcode coinfection","fluPA-G371A_fluPA-Arg116Lys_(4/11)"
"cell 145","CTGCGGAGTTCCACAA",0.0826591946490713,4.92659375307912e-05,"IFN-","no dual-barcode coinfection","fluPB2-missing; fluNA-missing; fluM-missing"
"cell 146","GAGTCCGCATGCAATC",0.0819593950129445,3.71057513914657e-05,"IFN-","no dual-barcode coinfection","fluHA-missing; fluNS-missing"
"cell 147","ATTGGTGGTCTAGCGC",0.0807661243798315,4.1839253587716e-05,"IFN-","no dual-barcode coinfection","fluPB2-T2107C_fluPB2-Phe694Leu_(19/19); fluNP-G692A_fluNP-Arg216Lys_(25/26)"
"cell 148","CGTGTCTTCCTCAACC",0.0805378901888441,0.000950369588173178,"IFN+","no dual-barcode coinfection","fluPB1-T2134C_fluPB1-Ser704Pro_(11/11)"
"cell 149","TCTGAGAAGCGATTCT",0.0804254721617637,3.81752242794426e-05,"IFN-","no dual-barcode coinfection","fluPB2-missing; fluM-ins850len1_(3/4)"
"cell 150","CAAGAAAGTCTTGTCC",0.0726028253531691,3.37006706433458e-05,"IFN-","no dual-barcode coinfection","fluPB2-G1737T_fluPB2-Met570Ile_(9/9); fluHA-missing; fluNA-missing"
"cell 151","CTGATAGGTCATACTG",0.0717134574602619,0.00132039486093937,"IFN+","no dual-barcode coinfection","fluPA-missing; fluM-T865G_fluM2-Ile51Ser_(5/5); fluNS-missing"
"cell 152","TTGACTTTCTTCCTTC",0.0679951932705788,3.58153361269295e-05,"IFN-","no dual-barcode coinfection","fluPB2-C615T_(20/20); fluNA-G1254A_fluNA-Arg412Lys_(3/3)"
"cell 153","ACAGCTAAGGCCCTCA",0.0635285317375508,2.85274148456667e-05,"IFN-","no dual-barcode coinfection",""
"cell 154","GCTTCCAAGTGTACGG",0.0633994554647997,0.000652586616041766,"IFN+","no dual-barcode coinfection","fluNS-missing"
"cell 155","GCTGCTTCAGCCTTGG",0.0623188405797101,3.76974403438007e-05,"IFN-","no dual-barcode coinfection","fluNA-missing; fluM-missing"
"cell 156","GCACATACACTCAGGC",0.0576323987538941,4.52847277255746e-05,"IFN-","no dual-barcode coinfection","fluM-missing; fluNS-missing"
"cell 157","TTGGAACTCCAGAAGG",0.0468706536856746,4.86404980787003e-05,"IFN-","no dual-barcode coinfection","fluPB1-missing; fluPA-missing; fluHA-missing"
"cell 158","CTCTAATGTATCTGCA",0.0444963798002016,4.79593304877464e-05,"IFN-","no dual-barcode coinfection","fluNS-missing"
"cell 159","TTCTCCTGTCGAGATG",0.0432893618360986,3.29077267342372e-05,"IFN-","no dual-barcode coinfection","fluHA-missing"
"cell 160","TAGGCATGTCTAGTCA",0.0422397702799713,0.00179888469149128,"IFN+","no dual-barcode coinfection","fluPB1-C1792T_(2/6) fluPB1-T1893C_(2/6); fluHA-missing"
"cell 161","GATCAGTGTAGATTAG",0.0350740452065472,4.75149672146726e-05,"IFN-","no dual-barcode coinfection","fluPB2-T1062C_(9/9); fluNA-missing; fluM-missing; fluNS-missing"
"cell 162","CGAGAAGCAAGCGTAG",0.028800277593037,0.00273915503022003,"IFN+","no dual-barcode coinfection","fluPA-missing; fluHA-missing; fluNS-missing"
"cell 163","CTTAGGAAGGCCGAAT",0.0168968443792917,0.000745565845236227,"IFN+","no dual-barcode coinfection","fluPB2-missing; fluPB1-missing; fluHA-missing; fluNA-missing; fluM-missing"
"cell 164","CCATGTCCAGACGCAA",0.0132393287819818,3.23300248941192e-05,"IFN-","no dual-barcode coinfection","fluPB1-missing; fluPA-missing; fluNA-missing; fluNS-missing"
